INSERT INTO `permissions` (`id`, `name`, `guard_name`, `created_at`, `updated_at`)
VALUES (1, 'user:create', 'web', '2022-10-18 09:36:27', '2022-11-16 11:49:30'),
       (2, 'user:edit', 'web', '2022-10-18 09:36:43', '2022-11-16 11:49:52'),
       (3, 'user:show', 'web', '2022-10-18 09:37:00', '2022-11-16 11:50:53'),
       (4, 'user:delete', 'web', '2022-10-18 09:37:11', '2022-11-16 11:51:09'),
       (5, 'setting:show', 'web', '2022-10-18 09:49:49', '2022-11-16 11:51:24'),
       (6, 'businesse:show', 'web', '2022-11-16 11:28:03', '2022-11-16 11:50:04'),
       (7, 'businesse:edit', 'web', '2022-11-16 11:35:20', '2022-11-16 11:50:11'),
       (8, 'businesse:delete', 'web', '2022-11-16 11:35:34', '2022-11-16 11:50:21'),
       (9, 'finance:show', 'web', '2022-11-16 11:36:10', '2022-11-16 11:53:50'),
       (10, 'finance:edit', 'web', '2022-11-16 11:36:27', '2022-11-16 11:50:29'),
       (11, 'finance:delete', 'web', '2022-11-16 11:36:39', '2022-11-16 11:50:37'),
       (12, 'businesse:create', 'web', '2022-11-16 15:54:36', '2022-11-16 15:54:36'),
       (13, 'businesse:upload', 'web', '2022-11-16 15:54:50', '2022-11-16 15:54:50');

INSERT INTO `roles` (`id`, `name`, `guard_name`, `created_at`, `updated_at`)
VALUES (1, 'user', 'web', '2022-10-17 09:42:02', '2022-10-17 09:42:02'),
       (3, 'superAdmin', 'web', '2022-10-17 09:42:47', '2022-10-17 09:42:47'),
       (4, 'admin', 'web', '2022-10-18 09:49:07', '2022-10-18 09:49:07'),
       (5, 'Reassurance', 'web', '2022-11-16 11:38:06', '2022-11-16 11:38:06'),
       (6, 'Ressources Humaines', 'web', '2022-11-16 11:38:26', '2022-11-16 11:38:26'),
       (7, 'Comptabilite', 'web', '2022-11-16 11:38:49', '2022-11-16 11:38:49'),
       (8, 'Superior-Reas', 'web', '2022-11-16 15:41:28', '2022-11-16 15:41:28');

INSERT INTO `role_has_permissions` (`permission_id`, `role_id`)
VALUES (1, 3),
       (2, 3),
       (3, 3),
       (4, 3),
       (5, 3),
       (6, 3),
       (7, 3),
       (8, 3),
       (9, 3),
       (10, 3),
       (11, 3),
       (12, 3),
       (13, 3),
       (1, 4),
       (2, 4),
       (3, 4),
       (6, 4),
       (7, 4),
       (8, 4),
       (9, 4),
       (10, 4),
       (11, 4),
       (12, 4),
       (13, 4),
       (6, 5),
       (7, 5),
       (12, 5),
       (13, 5),
       (6, 6),
       (9, 6),
       (6, 7),
       (9, 7),
       (10, 7),
       (7, 8),
       (9, 8);


INSERT INTO `model_has_roles` (`role_id`, `model_type`, `model_id`)
VALUES (3, 'App\\Models\\User', 1),
       (1, 'App\\Models\\User', 2),
       (4, 'App\\Models\\User', 2),
       (1, 'App\\Models\\User', 3),
       (8, 'App\\Models\\User', 3),
       (6, 'App\\Models\\User', 4),
       (5, 'App\\Models\\User', 5),
       (7, 'App\\Models\\User', 6);

INSERT INTO `companies` (`id`, `raison_social`, `created_at`, `updated_at`, `deleted_at`)
VALUES (1, 'AMGS', '2022-10-11 17:42:34', '2022-10-11 17:42:35', NULL);

INSERT INTO `branches` (`id`, `user_id`, `label`, `created_at`, `updated_at`, `deleted_at`)
VALUES (1, 1, 'ASSETS ALL RISKS', NULL, '2022-10-13 15:55:39', NULL),
       (2, 1, 'ASSURANCES DU BÉTAILS', NULL, NULL, NULL),
       (3, 1, 'BRIS DE MACHINE', NULL, NULL, NULL),
       (4, 1, 'CAUTION', NULL, NULL, NULL),
       (5, 1, 'CAUTION - AVANCE DE DEMARRAGE', NULL, NULL, NULL),
       (6, 1, 'CAUTION - BONNE EXECUTION', NULL, NULL, NULL),
       (7, 1, 'CAUTION - DEFINITIVE', NULL, NULL, NULL),
       (8, 1, 'CAUTION - SOUMISSION MARCHÉ', NULL, NULL, NULL),
       (9, 1, 'CAUTION AVANCE DE DEMARRAGE', NULL, NULL, NULL),
       (10, 1, 'CAUTION FINANCIÈRE', NULL, NULL, NULL),
       (11, 1, 'COMMERCIAL CRIME', NULL, NULL, NULL),
       (12, 1, 'CREDIT', NULL, NULL, NULL),
       (13, 1, 'CYBER', NULL, NULL, NULL),
       (14, 1, 'DÉGATS DES EAUX', NULL, NULL, NULL),
       (15, 1, 'DOMMAGES CORPORELS', NULL, NULL, NULL),
       (16, 1, 'ENERGY PACKAGE', NULL, NULL, NULL),
       (17, 1, 'FACULTÉS MARITIMES', NULL, NULL, NULL),
       (18, 1, 'FEDELITY GUARANTY', NULL, NULL, NULL),
       (19, 1, 'GLOBALE DE BANQUE', NULL, NULL, NULL),
       (20, 1, 'GLOBALE DOMMAGE', NULL, NULL, NULL),
       (21, 1, 'INCENDIE', NULL, NULL, NULL),
       (22, 1, 'INDIVIDUELLE ACCIDENT', NULL, NULL, NULL),
       (23, 1, 'MULTI-RISQUES PROFESSIONNELLE', NULL, NULL, NULL),
       (24, 1, 'RC MANDATAIRES SOCIAUX', NULL, NULL, NULL),
       (25, 1, 'RESPONSABILITÉ CIVILE', NULL, NULL, NULL),
       (26, 1, 'RESPONSABILITÉ CIVILE AERONAUTIQUE', NULL, NULL, NULL),
       (27, 1, 'RESPONSABILITÉ CIVILE AERONEF', NULL, NULL, NULL),
       (28, 1, 'RESPONSABILITÉ CIVILE AVIATION', NULL, NULL, NULL),
       (29, 1, 'RESPONSABILITÉ CIVILE DÉCENNALE', NULL, NULL, NULL),
       (30, 1, 'RESPONSABILITÉ CIVILE DES MANDATAIRES SOCIAUX', NULL, NULL, NULL),
       (31, 1, 'RESPONSABILITÉ CIVILE DRONE', NULL, NULL, NULL),
       (32, 1, 'RESPONSABILITÉ CIVILE GARDIENNAGE', NULL, NULL, NULL),
       (33, 1, 'RESPONSABILITÉ CIVILE PRODUIT', NULL, NULL, NULL),
       (34, 1, 'RESPONSABILITÉ CIVILE PROFESSIONNELLE', NULL, NULL, NULL),
       (35, 1, 'RESPONSABILITÉ CIVILE SPORTIVE', NULL, NULL, NULL),
       (36, 1, 'RESPONSABILITÉ CIVILE TRANSPORTEUR', NULL, NULL, NULL),
       (37, 1, 'RESPONSABILITÉ CIVILE TRAVAUX', NULL, NULL, NULL),
       (38, 1, 'TOUS DOMMAGES SAUF', NULL, NULL, NULL),
       (39, 1, 'TOUS RISQUES CHANTIER', NULL, NULL, NULL),
       (40, 1, 'TOUS RISQUES INFORMATIQUE', NULL, NULL, NULL),
       (41, 1, 'TOUS RISQUES MONTAGE', NULL, NULL, NULL),
       (42, 1, 'TRANSPORT', NULL, NULL, NULL),
       (43, 1, 'TRANSPORT - CASH IN SAFE', NULL, NULL, NULL),
       (44, 1, 'TRANSPORT CORPS', NULL, NULL, NULL),
       (45, 1, 'TRANSPORT DE FONDS', NULL, NULL, NULL),
       (46, 1, 'TRANSPORT FACULTES', NULL, NULL, NULL),
       (47, 1, 'TRANSPORT FACULTÉS', NULL, NULL, NULL),
       (48, 1, 'TRANSPORT MARITIME', NULL, NULL, NULL),
       (49, 1, 'TRANSPORT TERRESTRE', NULL, NULL, NULL),
       (50, 1, 'TRANSPORT TOUS RISQUES', NULL, NULL, NULL),
       (51, 1, 'VIOLENCES POLITIQUES', NULL, NULL, NULL),
       (58, 1, 'CORPS MARITIME', NULL, NULL, NULL),
       (59, 1, 'CORPS AERIEN', NULL, NULL, NULL),
       (60, 1, 'CORPS TERRESTRE', NULL, NULL, NULL),
       (61, 1, 'FACULTÉS AERIEN', NULL, NULL, NULL),
       (62, 1, 'FACULTÉS TERRESTRE', NULL, NULL, NULL);

INSERT INTO `banks` (`id`, `bankable_id`, `bankable_type`, `user_id`, `pays_id`, `raison_social`, `rib`, `num_compte`,
                     `code_agence`, `code_bank`, `devise`, `swift`, `iban`, `created_at`, `updated_at`, `deleted_at`)
VALUES (1, 1, 'App\\Models\\Company', 1, 45, 'SIB', '403090980', '4938238409', '048208423', '04988420309', 'XOF',
        '349374237', '8989328979243', '2022-10-31 09:31:10', '2022-10-31 09:31:10', NULL),
       (2, 1, 'App\\Models\\Company', 1, 34, 'BGFI', '389478923', '43789432', '2492738947', '837492', 'XOF',
        '343974239', '437284923423', '2022-10-31 09:33:20', '2022-10-31 09:33:20', NULL),
       (14, 47, 'App\\Models\\Reinsurer', 1, 45, 'SGBCI', 'TEST', 'TEST', 'TEST', 'TEST', 'XOF', 'ETST',
        'TEST97934924TEST', '2022-10-31 17:50:52', '2022-10-31 17:50:52', NULL),
       (15, 44, 'App\\Models\\Reinsurer', 1, 34, 'BGFI', '08389', '01201', '0001', '00002201', 'XOF',
        '092928328328938129381', '293828391283091938', '2022-11-02 09:00:55', '2022-11-02 11:49:06',
        '2022-11-02 11:49:06'),
       (16, 44, 'App\\Models\\Reinsurer', 1, 10, 'BGFI', '438723420307', '4923436', '38423470370', '3264832473407',
        'XOF', '473847092374730942', '48472304703927049394723909', '2022-11-02 11:49:46', '2022-11-02 11:49:46', NULL),
       (17, 1, 'App\\Models\\Company', 1, 23, 'Bda', 'CI2010111107100104250170', '071001042501', '01111', 'CI201',
        'XOF', 'BDAJCIAB', 'CI2010111107100104250170', '2022-11-16 15:57:12', '2022-11-16 15:57:12', NULL);